Id;Latitude;Longitude;Type
0;50.7899809527745;3.12225345316462;DEFAULT
1;50.7963232753564;3.16636643741531;DEFAULT
2;50.8093352149561;3.22057504884169;DEFAULT
3;50.8348744279199;3.26961688857382;DEFAULT
4;50.8477235909587;3.29223788065011;DEFAULT
5;50.8554934138347;3.30625458602541;DEFAULT
6;50.8946915687627;3.34747015284573;DEFAULT
7;50.9027799101311;3.38676392634623;DEFAULT
8;50.9111248471186;3.40849783809981;DEFAULT
9;50.9146430944251;3.41659362513238;DEFAULT
10;50.9218516802652;3.43006207117282;DEFAULT
11;50.979822861184;3.51196525804081;DEFAULT
12;50.9915390081456;3.56766324715012;DEFAULT
13;51.0253621585348;3.64494936608439;DEFAULT
14;51.0362651281653;3.68316026886736;DEFAULT
15;51.0368501961403;3.68426694111752;DEFAULT
16;51.0468979934548;3.7207539290163;DEFAULT
17;51.0490896626105;3.72001143812341;DEFAULT
18;51.0579681444799;3.73180149956617;DEFAULT
19;51.0558498682421;3.73385164165062;DEFAULT
20;51.016466479499;3.54696700631833;DEFAULT
21;51.0949445205298;3.56422407267501;DEFAULT
22;51.0960202779277;3.56382320599303;DEFAULT
23;51.177573829013;3.53429627633754;DEFAULT
24;51.2056474606813;3.51555298481532;DEFAULT
25;50.9441549774973;3.15113047091191;DEFAULT
26;50.9451797320716;3.13284088543316;DEFAULT
27;50.9167862704092;3.25413910126537;DEFAULT
28;50.9078329003198;3.31950984439158;DEFAULT
29;50.8970085847632;3.34429518344843;DEFAULT
30;50.7462206137497;3.4131126233553;DEFAULT
31;50.7502492619155;3.41096627904823;DEFAULT
32;50.7801201676364;3.37934787636206;DEFAULT
33;50.8234745404994;3.34460258254421;DEFAULT
34;50.8289037753305;3.29475175781946;DEFAULT
35;50.830928388989;3.28621316820315;DEFAULT
36;50.8330300627979;3.27693812862519;DEFAULT
37;50.8346355049965;3.27041321587566;DEFAULT
38;50.7733827101052;3.01941089335244;DEFAULT
39;50.7813382372585;3.10208458665691;DEFAULT
40;50.7853379317237;3.10772439430152;DEFAULT
41;50.7907337602001;3.12509963744553;BRIDGE
42;50.7907337602001;3.12509963744553;BRIDGE
43;50.7945105985224;3.13740541111968;BRIDGE
44;50.7945105985224;3.13740541111968;BRIDGE
45;50.8011621156178;3.18880756186039;BRIDGE
46;50.8011621156178;3.18880756186039;BRIDGE
47;50.8070516793883;3.2085230033633;BRIDGE
48;50.8070516793883;3.2085230033633;BRIDGE
49;50.8161954945896;3.23199113704834;BRIDGE
50;50.8161954945896;3.23199113704834;BRIDGE
51;50.8173546319251;3.23291804216478;BRIDGE
52;50.8173546319251;3.23291804216478;BRIDGE
53;50.8274991396793;3.25057761300281;BRIDGE
54;50.8274991396793;3.25057761300281;BRIDGE
55;50.8286965325756;3.25338684427378;BRIDGE
56;50.8286965325756;3.25338684427378;BRIDGE
57;50.8294547087297;3.25632356219411;BRIDGE
58;50.8294547087297;3.25632356219411;BRIDGE
59;50.8319921078;3.26268499187535;BRIDGE
60;50.8319921078;3.26268499187535;BRIDGE
61;50.8319921078;3.26268499187535;BRIDGE
62;50.8319921078;3.26268499187535;BRIDGE
63;50.8334382377389;3.26718907561406;BRIDGE
64;50.8334382377389;3.26718907561406;BRIDGE
65;50.8345588561469;3.26934201952318;BRIDGE
66;50.8345588561469;3.26934201952318;BRIDGE
67;50.8404474370275;3.28349795106777;BRIDGE
68;50.8404474370275;3.28349795106777;BRIDGE
69;50.8404474370275;3.28349795106777;BRIDGE
70;50.8404474370275;3.28349795106777;BRIDGE
71;50.8405542372141;3.28363451261405;BRIDGE
72;50.8405542372141;3.28363451261405;BRIDGE
73;50.8505874282129;3.30018007651496;BRIDGE
74;50.8505874282129;3.30018007651496;BRIDGE
75;50.8549139754921;3.30556069339306;LOCK
76;50.8549139754921;3.30556069339306;LOCK
77;50.8577178192808;3.30907386473536;BRIDGE
78;50.8577178192808;3.30907386473536;BRIDGE
79;50.8666992749898;3.31503540722151;BRIDGE
80;50.8666992749898;3.31503540722151;BRIDGE
81;50.8897013761193;3.3437852566479;BRIDGE
82;50.8897013761193;3.3437852566479;BRIDGE
83;50.9027301758571;3.38656871570258;BRIDGE
84;50.9027301758571;3.38656871570258;BRIDGE
85;50.9090187748569;3.40377652156753;BRIDGE
86;50.9090187748569;3.40377652156753;BRIDGE
87;50.9142062401617;3.41557701902811;LOCK
88;50.9142062401617;3.41557701902811;LOCK
89;50.929359499094;3.43782132478521;BRIDGE
90;50.929359499094;3.43782132478521;BRIDGE
91;50.9435658627332;3.45197113362599;BRIDGE
92;50.9435658627332;3.45197113362599;BRIDGE
93;50.9647437692691;3.47879070182937;BRIDGE
94;50.9647437692691;3.47879070182937;BRIDGE
95;50.9763217467004;3.50331434159999;BRIDGE
96;50.9763217467004;3.50331434159999;BRIDGE
97;50.9784787333234;3.52501422818092;BRIDGE
98;50.9784787333234;3.52501422818092;BRIDGE
99;50.9826230341959;3.52763908415015;BRIDGE
100;50.9826230341959;3.52763908415015;BRIDGE
101;50.9818787985907;3.53363644546828;BRIDGE
102;50.9818787985907;3.53363644546828;BRIDGE
103;50.9834163796391;3.55338224831798;BRIDGE
104;50.9834163796391;3.55338224831798;BRIDGE
105;50.9914573173347;3.56707331028799;BRIDGE
106;50.9914573173347;3.56707331028799;BRIDGE
107;50.9914920525186;3.56732415325538;LOCK
108;50.9914920525186;3.56732415325538;LOCK
109;51.012272683061;3.58902323684936;BRIDGE
110;51.012272683061;3.58902323684936;BRIDGE
111;51.0323220011335;3.64542507200694;BRIDGE
112;51.0323220011335;3.64542507200694;BRIDGE
113;51.0359696814548;3.6825943063899;BRIDGE
114;51.0359696814548;3.6825943063899;BRIDGE
115;51.0366192998391;3.68383717572001;BRIDGE
116;51.0366192998391;3.68383717572001;BRIDGE
117;51.0367536925709;3.68408732903953;LOCK
118;51.0367536925709;3.68408732903953;LOCK
119;51.0394166790484;3.69079527814504;BRIDGE
120;51.0394166790484;3.69079527814504;BRIDGE
121;51.0441872427919;3.70256955071073;BRIDGE
122;51.0441872427919;3.70256955071073;BRIDGE
123;51.0428591805249;3.71112067333844;BRIDGE
124;51.0428591805249;3.71112067333844;BRIDGE
125;51.0427795482347;3.7177772575555;BRIDGE
126;51.0427795482347;3.7177772575555;BRIDGE
127;51.0466039613846;3.72077619016684;BRIDGE
128;51.0466039613846;3.72077619016684;BRIDGE
129;51.050599188767;3.72008016127235;BRIDGE
130;51.050599188767;3.72008016127235;BRIDGE
131;51.0511409739192;3.72035818196758;BRIDGE
132;51.0511409739192;3.72035818196758;BRIDGE
133;51.0522198272257;3.72072474529861;BRIDGE
134;51.0522198272257;3.72072474529861;BRIDGE
135;51.0538469882069;3.7205631281939;BRIDGE
136;51.0538469882069;3.7205631281939;BRIDGE
137;51.0555014020855;3.72071406677086;BRIDGE
138;51.0555014020855;3.72071406677086;BRIDGE
139;51.0563031344028;3.72192729222395;BRIDGE
140;51.0563031344028;3.72192729222395;BRIDGE
141;51.0576164841214;3.72423277493482;BRIDGE
142;51.0576164841214;3.72423277493482;BRIDGE
143;51.0594621161317;3.72560255978422;BRIDGE
144;51.0594621161317;3.72560255978422;BRIDGE
145;51.0598291872885;3.72981996358852;BRIDGE
146;51.0598291872885;3.72981996358852;BRIDGE
147;51.0581800137526;3.73168819363861;LOCK
148;51.0581800137526;3.73168819363861;LOCK
149;51.0567560848402;3.73281157865977;BRIDGE
150;51.0567560848402;3.73281157865977;BRIDGE
151;50.9866514555135;3.52134281886154;BRIDGE
152;50.9866514555135;3.52134281886154;BRIDGE
153;50.9892842631714;3.52438187881371;BRIDGE
154;50.9892842631714;3.52438187881371;BRIDGE
155;51.0325138768356;3.55102462712551;BRIDGE
156;51.0325138768356;3.55102462712551;BRIDGE
157;51.0356813834136;3.55309270116116;BRIDGE
158;51.0356813834136;3.55309270116116;BRIDGE
159;51.0512657743598;3.56644857840222;BRIDGE
160;51.0512657743598;3.56644857840222;BRIDGE
161;51.0570766540077;3.56850084478332;BRIDGE
162;51.0570766540077;3.56850084478332;BRIDGE
163;51.0654802515986;3.5712457021816;BRIDGE
164;51.0654802515986;3.5712457021816;BRIDGE
165;51.0734674151221;3.56952732955624;BRIDGE
166;51.0734674151221;3.56952732955624;BRIDGE
167;51.091617507176;3.56386344832619;BRIDGE
168;51.091617507176;3.56386344832619;BRIDGE
169;51.0954166659578;3.56395942811456;BRIDGE
170;51.0954166659578;3.56395942811456;BRIDGE
171;51.0957151104524;3.56389207576755;LOCK
172;51.0957151104524;3.56389207576755;LOCK
173;51.1043738473156;3.56702548436311;BRIDGE
174;51.1043738473156;3.56702548436311;BRIDGE
175;51.1165287040942;3.57365861736702;BRIDGE
176;51.1165287040942;3.57365861736702;BRIDGE
177;51.129048224654;3.56366818745931;BRIDGE
178;51.129048224654;3.56366818745931;BRIDGE
179;51.1398869583845;3.5585055735142;BRIDGE
180;51.1398869583845;3.5585055735142;BRIDGE
181;51.1590808334714;3.54707530420148;BRIDGE
182;51.1590808334714;3.54707530420148;BRIDGE
183;51.1706136938447;3.53984689602252;BRIDGE
184;51.1706136938447;3.53984689602252;BRIDGE
185;51.1896355776655;3.52636384203194;BRIDGE
186;51.1896355776655;3.52636384203194;BRIDGE
187;51.2013671518538;3.51700321361202;BRIDGE
188;51.2013671518538;3.51700321361202;BRIDGE
189;51.2040079802088;3.5155004551734;BRIDGE
190;51.2040079802088;3.5155004551734;BRIDGE
191;51.2056298663749;3.5155520011784;BRIDGE
192;51.2056298663749;3.5155520011784;BRIDGE
193;50.9435738790673;3.14676240254223;BRIDGE
194;50.9435738790673;3.14676240254223;BRIDGE
195;50.9413420851188;3.16159048351211;BRIDGE
196;50.9413420851188;3.16159048351211;BRIDGE
197;50.9361121265815;3.17237678092481;BRIDGE
198;50.9361121265815;3.17237678092481;BRIDGE
199;50.931880724683;3.18113793835258;BRIDGE
200;50.931880724683;3.18113793835258;BRIDGE
201;50.9237771695751;3.21097351353888;BRIDGE
202;50.9237771695751;3.21097351353888;BRIDGE
203;50.9237570489546;3.21107909493955;BRIDGE
204;50.9237570489546;3.21107909493955;BRIDGE
205;50.9236820654245;3.21147256521582;BRIDGE
206;50.9236820654245;3.21147256521582;BRIDGE
207;50.9227572111506;3.21585683518489;BRIDGE
208;50.9227572111506;3.21585683518489;BRIDGE
209;50.9207259342703;3.23025053292803;BRIDGE
210;50.9207259342703;3.23025053292803;BRIDGE
211;50.9168319042316;3.25380866583634;BRIDGE
212;50.9168319042316;3.25380866583634;BRIDGE
213;50.9154768499258;3.26469938470968;BRIDGE
214;50.9154768499258;3.26469938470968;BRIDGE
215;50.9146469334661;3.27058942729603;BRIDGE
216;50.9146469334661;3.27058942729603;BRIDGE
217;50.9128574432955;3.2833824234539;BRIDGE
218;50.9128574432955;3.2833824234539;BRIDGE
219;50.9070060056092;3.32548092768816;BRIDGE
220;50.9070060056092;3.32548092768816;BRIDGE
221;50.8973818716066;3.34378750206795;LOCK
222;50.8973818716066;3.34378750206795;LOCK
223;50.8968626575907;3.34448954679703;BRIDGE
224;50.8968626575907;3.34448954679703;BRIDGE
225;50.8968626575907;3.34448954679703;BRIDGE
226;50.8968626575907;3.34448954679703;BRIDGE
227;50.7489573514585;3.41193092962784;BRIDGE
228;50.7489573514585;3.41193092962784;BRIDGE
229;50.7493091185775;3.41166785097654;LOCK
230;50.7493091185775;3.41166785097654;LOCK
231;50.7659000759869;3.39664181127692;BRIDGE
232;50.7659000759869;3.39664181127692;BRIDGE
233;50.7788068250318;3.38048198509516;BRIDGE
234;50.7788068250318;3.38048198509516;BRIDGE
235;50.779471106744;3.37990603814343;LOCK
236;50.779471106744;3.37990603814343;LOCK
237;50.792524113825;3.37076522234465;BRIDGE
238;50.792524113825;3.37076522234465;BRIDGE
239;50.798542838751;3.36618671441131;BRIDGE
240;50.798542838751;3.36618671441131;BRIDGE
241;50.81638211906;3.35258794462234;BRIDGE
242;50.81638211906;3.35258794462234;BRIDGE
243;50.823069428398;3.34531292534435;LOCK
244;50.823069428398;3.34531292534435;LOCK
245;50.8236244131215;3.34434036862933;BRIDGE
246;50.8236244131215;3.34434036862933;BRIDGE
247;50.8277435401157;3.33092871597805;BRIDGE
248;50.8277435401157;3.33092871597805;BRIDGE
249;50.827855675402;3.32356754768387;BRIDGE
250;50.827855675402;3.32356754768387;BRIDGE
251;50.8278920870305;3.32012429187014;BRIDGE
252;50.8278920870305;3.32012429187014;BRIDGE
253;50.8282386695352;3.30363310658927;BRIDGE
254;50.8282386695352;3.30363310658927;BRIDGE
255;50.8288843952498;3.2948650300272;BRIDGE
256;50.8288843952498;3.2948650300272;BRIDGE
257;50.8290426222886;3.29402602836032;BRIDGE
258;50.8290426222886;3.29402602836032;BRIDGE
259;50.8309200799412;3.28625199998259;BRIDGE
260;50.8309200799412;3.28625199998259;BRIDGE
261;50.8309200799412;3.28625199998259;LOCK
262;50.8309200799412;3.28625199998259;LOCK
263;50.8309354104804;3.28618035156078;BRIDGE
264;50.8309354104804;3.28618035156078;BRIDGE
265;50.8329990726104;3.27705188942225;BRIDGE
266;50.8329990726104;3.27705188942225;BRIDGE
267;50.8329990726104;3.27705188942225;LOCK
268;50.8329990726104;3.27705188942225;LOCK
269;50.8346317509346;3.27042959811057;BRIDGE
270;50.8346317509346;3.27042959811057;BRIDGE
271;50.8346317509346;3.27042959811057;LOCK
272;50.8346317509346;3.27042959811057;LOCK
273;50.7738924183113;3.02415738112824;BRIDGE
274;50.7738924183113;3.02415738112824;BRIDGE
275;50.7744088685565;3.03420834145849;BRIDGE
276;50.7744088685565;3.03420834145849;BRIDGE
277;50.7765266028646;3.04308001470187;BRIDGE
278;50.7765266028646;3.04308001470187;BRIDGE
279;50.780834216426;3.10108100568663;LOCK
280;50.780834216426;3.10108100568663;LOCK
281;50.7888787440796;3.11519338100253;BRIDGE
282;50.7888787440796;3.11519338100253;BRIDGE